UserId,HashedPassword,Salt,Plaintext
1,F7lGjUKLaVL4WwRa6IczzoRQakepz/FBxAphJEtRmM0=,tH2HD0Y+ExiCJAFMlzxA9g==,IceLemonTea@123
2,f8dkdQ0HsPAbQeOsnr+nTOMUu/fx1kiFZo+zylB8SVw=,mMhHK76NfNZxkxtrns/XtA==,"tehcbing"
3,LggRLSLxaQfFX/n/kMLLw9flkIgajSNnXFzPozpHfX4=,gxIKtM5+Lu0YEVrqdpHzpw==,"kopicbing"
4,Ri6246MwO56ICESXnK2kdl8af9BedNePRK+GfC0ulLY=,ovHqHr81esnF1hfwXSqRfw==,"yuanyangbing"
5,UQ0yRwDjH7zBthACZkvanvTrhCMd8Ol9V6AH5S75IbY=,1tAObNVAGb3CqK/3dmMqxg==,"milobing"
6,lJyclpEQysXGM82gnikYJM0qbJXjrCQvymDjPrtB/D4=,BDv3BRGNqtje1KG28pa3jw==,"sprite"
17,f14SfkZ93Ls6K3v5mmcAvmHV97Xl9XgPz3pzk6mnJzI=,pRj8M8OIBNAuLAHtlht4wg==,doubleminT192!
18,jybPWnlD5kW5Ty0+vdYT8DMFDHdnimxNm9tUd/bpIig=,GCX2d9BcJjApr+VrjNdFIA==,Icelemontea@1234
22,a6DSQtr1tqvdmt3knLnxqC2RJago2q+QIkG73ptArZ4=,2sKBrHDIN0zTyYMANZx/ZQ==,icelemontE4!
46,rKkKqqVc8KP7fJXfUe9qUjbhxUSf4zdWGRSTolEddJ8=,oUG7qSjiGdcvMP8hBDQAVQ==,IceLemonTea@1234
52,IA11q1vWdfnll/L/Eyj0Qy24XkOQC00O+kFzUZjkMys=,cubefj7oWESxfKSEvX1bNw==,BingChilling@123
54,Y9Li+LA7emdtQwDM4h2nC3Rvi5/ovMilOsVBHgsalKQ=,ZMfQqJx9NgUsmMl+y+FMbg==,Icelemontea@123
55,PAbi/DIzlusihT5EAj1upKZ4rx8vYzt2vZHT5/PsOgg=,hCkox38gqafnaByjQUpY6g==,IceLemonTea@123
63,rA5DtMlNwAnSyo0byfqW46zY/uYdaPQeOu5Fm1FXEPA=,i7GTJ/kYpRX6ukiCaVdhzg==,Kwansoh0t!
66,VQZogHE+eBSDoKLLZmTKfkoSQjz6JBMdx3za859Kq/I=,Yr7dHoqkPhBiVo8fzhm+Xw==,ksajkddhvso192UI!
69,ejl6mNLMfI1njDVnzBn/rp0bVkrux5wagvtXRHvQt1w=,nvOkUxnwLELZXn2gmsKQuw==,IceLemonTea@1234
84,g6ZXxVgbffWI5aTfh/sNBzAwXEl0huGw91ii3Qve+8E=,i6pR9Nm1gW6uAZGvAu/Bgg==,IcelemonTea@1234